Feature,Dependence
iso,0.9780062069239506
FluidIntensity(gal_ft),0.9664122592186819
ProppantIntensity(llb_ft),0.953334946740667
Pressure,0.911242049281744
Depth-TrueVertical(ft),0.9048160870911752
ProppantConcentration(llb_gal),0.8840245315385129
Phi,0.8643103247332333
StageSpacing(ft),0.8154874943477323
Sw,0.8137834791818608
HorizontalLength(ft),0.41118039254646144
FluidType_LABELS,0.17267544460487538
Bg,-0.001995949983371492
