Feature,Dependence
iso,0.9783756512391039
Pressure,0.9100589662385545
Depth-TrueVertical(ft),0.9028167567453427
Phi,0.8630409717239526
Sw,0.8418492702996959
StageSpacing(ft),0.8052488451881411
ProppantIntensity(llb_ft),0.7469361697434556
ProppantConcentration(llb_gal),0.5937021719453681
HorizontalLength(ft),0.4249911990919696
FluidType_LABELS,0.14688214270812272
Bg,-0.001957790710736651
