Feature,Dependence
iso,0.977679528802931
FluidIntensity(gal_ft),0.9639122679433638
ProppantIntensity(llb_ft),0.9537794339798451
Pressure,0.9139137976895236
Depth-TrueVertical(ft),0.9052111595568116
ProppantConcentration(llb_gal),0.8886534429546749
Phi,0.8596973674524472
Sw,0.8372455417712179
StageSpacing(ft),0.8072947037800724
HorizontalLength(ft),0.41825369560090064
FluidType_LABELS,0.16483218400606614
Bg,-0.0018328227334536429
